{"cameraMode":{"drawMode":0,"name":"Shaded","section":"Shading Mode"},"sceneLighting":true,"audioPlay":false,"sceneViewState":{"showFog":true,"showMaterialUpdate":false,"showSkybox":true,"showFlares":true,"showImageEffects":true,"showParticleSystems":true},"in2DMode":false,"pivot":{"x":-7.388439178466797,"y":-5.583827972412109,"z":29.22305679321289},"rotation":{"x":0.1717081218957901,"y":-0.053164366632699969,"z":0.009371234104037285,"w":0.983742892742157},"size":65.50287628173828,"orthographic":false}