{"cameraMode":{"drawMode":0,"name":"Shaded","section":"Shading Mode"},"sceneLighting":false,"audioPlay":false,"sceneViewState":{"showFog":true,"showMaterialUpdate":false,"showSkybox":false,"showFlares":true,"showImageEffects":true,"showParticleSystems":true},"in2DMode":false,"pivot":{"x":1.9911253452301026,"y":-1.0297987461090088,"z":8.354448318481446},"rotation":{"x":0.08254536241292954,"y":0.06423300504684448,"z":-0.005337145645171404,"w":0.9945363998413086},"size":18.521203994750978,"orthographic":false}