{"cameraMode":{"drawMode":0,"name":"Shaded","section":"Shading Mode"},"sceneLighting":false,"audioPlay":false,"sceneViewState":{"showFog":true,"showMaterialUpdate":false,"showSkybox":false,"showFlares":true,"showImageEffects":true,"showParticleSystems":true},"in2DMode":false,"pivot":{"x":-0.5099771022796631,"y":-6.458858966827393,"z":40.23883819580078},"rotation":{"x":0.07972440868616104,"y":-0.008975652977824211,"z":0.0007231667987070978,"w":0.9968036413192749},"size":49.19649887084961,"orthographic":false}