{"cameraMode":{"drawMode":0,"name":"Shaded","section":"Shading Mode"},"sceneLighting":false,"audioPlay":false,"sceneViewState":{"showFog":true,"showMaterialUpdate":false,"showSkybox":false,"showFlares":true,"showImageEffects":true,"showParticleSystems":true},"in2DMode":false,"pivot":{"x":-10.789728164672852,"y":-1.8562889099121094,"z":-1.6665935516357422},"rotation":{"x":0.3449341654777527,"y":-0.2249007374048233,"z":0.08559705317020416,"w":0.9073374271392822},"size":33.28178024291992,"orthographic":false}