{"cameraMode":{"drawMode":0,"name":"Shaded","section":"Shading Mode"},"sceneLighting":false,"audioPlay":false,"sceneViewState":{"showFog":true,"showMaterialUpdate":false,"showSkybox":false,"showFlares":true,"showImageEffects":true,"showParticleSystems":true},"in2DMode":false,"pivot":{"x":-2.495596408843994,"y":-3.4568772315979006,"z":19.85645294189453},"rotation":{"x":0.12871010601520539,"y":-0.06095364689826965,"z":0.007928067818284035,"w":0.9898110628128052},"size":17.785778045654298,"orthographic":false}