{"cameraMode":{"drawMode":0,"name":"Shaded","section":"Shading Mode"},"sceneLighting":false,"audioPlay":false,"sceneViewState":{"showFog":true,"showMaterialUpdate":false,"showSkybox":false,"showFlares":true,"showImageEffects":true,"showParticleSystems":true},"in2DMode":false,"pivot":{"x":0.8108268976211548,"y":3.004322052001953,"z":5.306046485900879},"rotation":{"x":0.33234354853630068,"y":-0.05228880047798157,"z":0.018549805507063867,"w":0.9416037797927856},"size":16.68234634399414,"orthographic":false}