{"cameraMode":{"drawMode":0,"name":"Shaded","section":"Shading Mode"},"sceneLighting":true,"audioPlay":false,"sceneViewState":{"showFog":true,"showMaterialUpdate":false,"showSkybox":true,"showFlares":true,"showImageEffects":true,"showParticleSystems":true},"in2DMode":false,"pivot":{"x":2.554533004760742,"y":-0.10691070556640625,"z":1.69871985912323},"rotation":{"x":-0.15949347615242005,"y":-0.6482062339782715,"z":0.14142955839633943,"w":-0.731056809425354},"size":13.047016143798829,"orthographic":false}