{"cameraMode":{"drawMode":0,"name":"Shaded","section":"Shading Mode"},"sceneLighting":false,"audioPlay":false,"sceneViewState":{"showFog":true,"showMaterialUpdate":false,"showSkybox":false,"showFlares":true,"showImageEffects":true,"showParticleSystems":true},"in2DMode":false,"pivot":{"x":-17.904592514038087,"y":-22.935302734375,"z":7.9742960929870609},"rotation":{"x":0.3681146502494812,"y":-0.583617627620697,"z":0.3348061442375183,"w":0.6417519450187683},"size":46.32070541381836,"orthographic":false}