{"cameraMode":{"drawMode":0,"name":"Shaded","section":"Shading Mode"},"sceneLighting":true,"audioPlay":false,"sceneViewState":{"showFog":true,"showMaterialUpdate":false,"showSkybox":true,"showFlares":true,"showImageEffects":true,"showParticleSystems":true},"in2DMode":false,"pivot":{"x":3.2002925872802736,"y":-43.84312438964844,"z":26.385009765625},"rotation":{"x":-0.5614004731178284,"y":-0.07477475702762604,"z":0.050925567746162418,"w":-0.8226824998855591},"size":71.99029541015625,"orthographic":false}