{"cameraMode":{"drawMode":0,"name":"Shaded","section":"Shading Mode"},"sceneLighting":false,"audioPlay":false,"sceneViewState":{"showFog":true,"showMaterialUpdate":false,"showSkybox":false,"showFlares":true,"showImageEffects":true,"showParticleSystems":true},"in2DMode":false,"pivot":{"x":3.0090909004211427,"y":-1.7583703994750977,"z":8.964391708374024},"rotation":{"x":0.23792675137519837,"y":0.026212692260742189,"z":-0.006446843035519123,"w":0.9709568619728088},"size":23.39278793334961,"orthographic":false}