{"cameraMode":{"drawMode":0,"name":"Shaded","section":"Shading Mode"},"sceneLighting":false,"audioPlay":false,"sceneViewState":{"showFog":true,"showMaterialUpdate":false,"showSkybox":false,"showFlares":true,"showImageEffects":true,"showParticleSystems":true},"in2DMode":false,"pivot":{"x":-2.831735610961914,"y":-2.2690327167510988,"z":8.401128768920899},"rotation":{"x":0.25232061743736269,"y":-0.04205949604511261,"z":0.011085402220487595,"w":0.9667425155639648},"size":10.420514106750489,"orthographic":false}