{"cameraMode":{"drawMode":0,"name":"Shaded","section":"Shading Mode"},"sceneLighting":false,"audioPlay":false,"sceneViewState":{"showFog":true,"showMaterialUpdate":false,"showSkybox":false,"showFlares":true,"showImageEffects":true,"showParticleSystems":true},"in2DMode":false,"pivot":{"x":2.2116618156433107,"y":-0.16114211082458497,"z":17.842172622680665},"rotation":{"x":-0.05276735872030258,"y":0.027555562555789949,"z":-0.0014450496528297663,"w":-0.9982567429542542},"size":11.441450119018555,"orthographic":false}