{"cameraMode":{"drawMode":0,"name":"Shaded","section":"Shading Mode"},"sceneLighting":false,"audioPlay":false,"sceneViewState":{"showFog":true,"showMaterialUpdate":false,"showSkybox":false,"showFlares":true,"showImageEffects":true,"showParticleSystems":true},"in2DMode":false,"pivot":{"x":4.359912872314453,"y":-0.3312835693359375,"z":9.390522956848145},"rotation":{"x":0.1885167956352234,"y":0.10879236459732056,"z":-0.020867066457867624,"w":0.9758821725845337},"size":18.598827362060548,"orthographic":false}