{"cameraMode":{"drawMode":0,"name":"Shaded","section":"Shading Mode"},"sceneLighting":false,"audioPlay":false,"sceneViewState":{"showFog":true,"showMaterialUpdate":false,"showSkybox":false,"showFlares":true,"showImageEffects":true,"showParticleSystems":true},"in2DMode":false,"pivot":{"x":2.014911413192749,"y":1.1749792098999024,"z":12.12289047241211},"rotation":{"x":-0.17490829527378083,"y":-0.007955025881528855,"z":0.0014626742340624333,"w":-0.9846092462539673},"size":31.530332565307618,"orthographic":false}