{"cameraMode":{"drawMode":0,"name":"Shaded","section":"Shading Mode"},"sceneLighting":false,"audioPlay":false,"sceneViewState":{"showFog":true,"showMaterialUpdate":false,"showSkybox":false,"showFlares":true,"showImageEffects":true,"showParticleSystems":true},"in2DMode":false,"pivot":{"x":0.6040230989456177,"y":-5.803554534912109,"z":15.868143081665039},"rotation":{"x":0.1999538689851761,"y":0.007345136255025864,"z":-0.0014993413351476193,"w":0.9798118472099304},"size":24.699623107910158,"orthographic":false}